id,first_name,last_name,email,gender
1,Rose,Larking,rlarking0@yahoo.com,Female
2,Lela,Heaffey,lheaffey1@eepurl.com,Female
3,Kyla,Lynagh,klynagh2@techcrunch.com,Female
4,Erv,Abbot,eabbot3@omniture.com,Bigender
5,Lonni,Casford,lcasford4@creativecommons.org,Female
6,Raul,Bricksey,rbricksey5@comsenz.com,Male
7,Dorey,Daniel,ddaniel6@newsvine.com,Male
8,Cozmo,Thrussell,cthrussell7@house.gov,Male
9,Evered,Barizeret,ebarizeret8@japanpost.jp,Male
10,Morly,Brewins,mbrewins9@arizona.edu,Male
11,Zabrina,Rockliffe,zrockliffea@cam.ac.uk,Female
12,Bobbe,Tomley,btomleyb@google.ca,Female
13,Wright,Ludy,wludyc@bbb.org,Male
14,Michelle,Bartholin,mbartholind@fastcompany.com,Female
15,Mellie,Handover,mhandovere@baidu.com,Female
16,Claybourne,Garett,cgarettf@cnn.com,Male
17,Mari,Rouby,mroubyg@pagesperso-orange.fr,Bigender
18,Brittany,Brookbank,bbrookbankh@phoca.cz,Female
19,Kellen,Raoul,kraouli@cbc.ca,Male
20,Francisco,Falco,ffalcoj@hhs.gov,Male
21,Johan,Janiak,jjaniakk@stumbleupon.com,Male
22,Anatole,Langrish,alangrishl@devhub.com,Male
23,Lay,Pile,lpilem@wikimedia.org,Male
24,Renaldo,Tink,rtinkn@godaddy.com,Male
25,Mae,Rubinovitsch,mrubinovitscho@godaddy.com,Female
26,Huntley,Griffitts,hgriffittsp@istockphoto.com,Male
27,Otho,Beels,obeelsq@mozilla.org,Male
28,Lyda,Koppeck,lkoppeckr@sciencedirect.com,Female
29,Sheelah,Kedge,skedges@unc.edu,Genderqueer
30,Bond,Dwight,bdwightt@mac.com,Male
31,Donny,Gatling,dgatlingu@ameblo.jp,Female
32,Nealson,Marcinkus,nmarcinkusv@tamu.edu,Male
33,Allina,Vaughan,avaughanw@goo.gl,Female
34,Katharina,Burnell,kburnellx@mashable.com,Female
35,Sawyer,Allibon,sallibony@acquirethisname.com,Male
36,Tomasine,Syrie,tsyriez@cnet.com,Female
37,Edeline,Ekless,eekless10@japanpost.jp,Female
38,Torey,Way,tway11@gnu.org,Male
39,Silas,Divall,sdivall12@rakuten.co.jp,Male
40,Pascal,Sherington,psherington13@wordpress.org,Male
41,Fabian,McCrisken,fmccrisken14@nydailynews.com,Male
42,Maxie,Bastable,mbastable15@umich.edu,Female
43,Whitney,Rome,wrome16@npr.org,Male
44,Andie,Padwick,apadwick17@csmonitor.com,Male
45,Hillard,Gard,hgard18@ucsd.edu,Genderfluid
46,Washington,Nixon,wnixon19@google.ru,Male
47,Yettie,Dawber,ydawber1a@1688.com,Female
48,Douglass,Tiler,dtiler1b@dyndns.org,Bigender
49,Hollie,Hamon,hhamon1c@bing.com,Female
50,Christiano,Lorand,clorand1d@tripod.com,Male
51,Dionne,Vice,dvice1e@drupal.org,Female
52,Franchot,O'Loghlen,fologhlen1f@infoseek.co.jp,Male
53,Jyoti,Soppett,jsoppett1g@jiathis.com,Female
54,Aguste,Freed,afreed1h@hugedomains.com,Male
55,Zerk,Joinson,zjoinson1i@whitehouse.gov,Male
56,Martino,Meakes,mmeakes1j@hubpages.com,Male
57,Yasmin,Guthrie,yguthrie1k@hexun.com,Female
58,Vanda,Snawdon,vsnawdon1l@vimeo.com,Female
59,Lucille,Cuncarr,lcuncarr1m@cbslocal.com,Female
60,Archer,Slipper,aslipper1n@jugem.jp,Male
61,Kathryn,Staniford,kstaniford1o@is.gd,Female
62,Valdemar,Cosely,vcosely1p@jugem.jp,Male
63,Cirillo,Scown,cscown1q@nyu.edu,Male
64,Hillier,Helleckas,hhelleckas1r@mac.com,Male
65,Gillie,Puttock,gputtock1s@reverbnation.com,Female
66,Edd,Thumim,ethumim1t@jalbum.net,Male
67,Geri,Knapman,gknapman1u@over-blog.com,Male
68,Roxy,Ventura,rventura1v@census.gov,Female
69,Sullivan,Stretton,sstretton1w@apple.com,Male
70,Ariel,Looney,alooney1x@wikispaces.com,Female
71,Jerrine,Chater,jchater1y@icq.com,Female
72,Meghann,Dallan,mdallan1z@smugmug.com,Female
73,Phip,Bellee,pbellee20@mediafire.com,Male
74,Tallia,Bromehead,tbromehead21@noaa.gov,Female
75,Rriocard,Sesser,rsesser22@cmu.edu,Male
76,Eve,Haselgrove,ehaselgrove23@pcworld.com,Female
77,Margareta,Monckman,mmonckman24@economist.com,Genderqueer
78,Wilfred,Pontin,wpontin25@google.it,Male
79,Timmy,Borel,tborel26@goo.gl,Female
80,Jordanna,Bowker,jbowker27@cocolog-nifty.com,Female
81,Othilia,Simion,osimion28@theguardian.com,Female
82,Doria,Antos,dantos29@slideshare.net,Female
83,Renell,Thompstone,rthompstone2a@domainmarket.com,Female
84,Sallyann,Paulton,spaulton2b@google.nl,Female
85,Crysta,Simone,csimone2c@ebay.co.uk,Female
86,Timothy,Capozzi,tcapozzi2d@clickbank.net,Polygender
87,Mellie,Clint,mclint2e@addthis.com,Female
88,Lilli,Gladstone,lgladstone2f@merriam-webster.com,Female
89,Ivor,Mishow,imishow2g@sfgate.com,Male
90,Katuscha,Delgaty,kdelgaty2h@wikimedia.org,Female
91,Nanine,Taplin,ntaplin2i@wikipedia.org,Female
92,Perceval,Thoumasson,pthoumasson2j@1688.com,Male
93,Wallie,Wooland,wwooland2k@indiegogo.com,Female
94,Skyler,Licari,slicari2l@wsj.com,Male
95,Anders,Hapke,ahapke2m@deliciousdays.com,Male
96,Grethel,Westney,gwestney2n@biglobe.ne.jp,Female
97,Ilario,Vokins,ivokins2o@e-recht24.de,Male
98,Gaspar,Ogilby,gogilby2p@freewebs.com,Male
99,Marshal,Lyddiard,mlyddiard2q@alibaba.com,Male
100,Wallis,Cookley,wcookley2r@issuu.com,Female
101,Hayden,Bicker,hbicker2s@networksolutions.com,Male
102,Hertha,Platts,hplatts2t@mediafire.com,Female
103,Koressa,Ibert,kibert2u@ameblo.jp,Female
104,Tobias,Clere,tclere2v@telegraph.co.uk,Male
105,Raquela,Walczynski,rwalczynski2w@addtoany.com,Female
106,Olenolin,Parlor,oparlor2x@irs.gov,Male
107,Burt,Fiveash,bfiveash2y@yahoo.co.jp,Male
108,Nance,Brocklebank,nbrocklebank2z@jimdo.com,Genderfluid
109,Cherice,Mackrell,cmackrell30@opera.com,Female
110,Kimmie,Staggs,kstaggs31@squidoo.com,Female
111,Evania,McCrone,emccrone32@jugem.jp,Female
112,Austin,Longmead,alongmead33@naver.com,Male
113,Skelly,Van Oort,svanoort34@taobao.com,Male
114,Nickolas,Chilley,nchilley35@so-net.ne.jp,Male
115,Winfield,Quiddington,wquiddington36@quantcast.com,Male
116,Carmine,Luxon,cluxon37@wp.com,Non-binary
117,Itch,Dulton,idulton38@vkontakte.ru,Male
118,Tymon,Riccardo,triccardo39@un.org,Male
119,Rosa,Antusch,rantusch3a@go.com,Female
120,Shannan,Spain-Gower,sspaingower3b@deviantart.com,Male
121,Buddy,Boustred,bboustred3c@goodreads.com,Male
122,Brandea,Balasin,bbalasin3d@macromedia.com,Female
123,Owen,Wimpenny,owimpenny3e@ucoz.com,Male
124,Dunn,Florentine,dflorentine3f@army.mil,Male
125,Carleton,Janjusevic,cjanjusevic3g@miitbeian.gov.cn,Male
126,Shayne,Skellorne,sskellorne3h@squarespace.com,Male
127,Pet,Laughnan,plaughnan3i@themeforest.net,Female
128,Constance,Gayter,cgayter3j@google.cn,Female
129,Worthy,Spreag,wspreag3k@berkeley.edu,Male
130,Maddie,Tottie,mtottie3l@ocn.ne.jp,Male
131,Harris,Leat,hleat3m@sbwire.com,Male
132,Joel,Howford,jhowford3n@shareasale.com,Male
133,Shelby,Echlin,sechlin3o@deliciousdays.com,Male
134,Ermanno,Pirt,epirt3p@guardian.co.uk,Male
135,Gay,Van Son,gvanson3q@taobao.com,Male
136,Carole,McKeevers,cmckeevers3r@tuttocitta.it,Genderfluid
137,Onfroi,O'Criane,oocriane3s@xrea.com,Male
138,Coretta,Mulran,cmulran3t@pcworld.com,Female
139,Alastair,Ternott,aternott3u@icio.us,Male
140,Nyssa,Grutchfield,ngrutchfield3v@home.pl,Female
141,Priscilla,Calver,pcalver3w@google.pl,Female
142,Dorris,Toulson,dtoulson3x@ox.ac.uk,Female
143,Ollie,Folder,ofolder3y@jimdo.com,Non-binary
144,Purcell,Geerdts,pgeerdts3z@engadget.com,Male
145,Niccolo,Darridon,ndarridon40@networksolutions.com,Male
146,Brigham,Ramsden,bramsden41@skyrock.com,Male
147,Toddie,O'Boyle,toboyle42@networksolutions.com,Male
148,Mordy,Karoly,mkaroly43@linkedin.com,Male
149,Ephrayim,Prescote,eprescote44@spotify.com,Male
150,Dorene,Hanwell,dhanwell45@nifty.com,Female
151,Barbabas,Ranby,branby46@slate.com,Male
152,Jorge,Pynner,jpynner47@cornell.edu,Male
153,Dew,Fransson,dfransson48@blogs.com,Male
154,Mariann,Skellern,mskellern49@tamu.edu,Female
155,Doug,Skitterel,dskitterel4a@yale.edu,Male
156,Oriana,McDarmid,omcdarmid4b@cmu.edu,Female
157,Trevor,Allaway,tallaway4c@businessinsider.com,Male
158,Cleavland,Butcher,cbutcher4d@wsj.com,Male
159,Joyann,Dudek,jdudek4e@wp.com,Female
160,Bruce,McCowen,bmccowen4f@chronoengine.com,Agender
161,Berky,Nussey,bnussey4g@nhs.uk,Male
162,Othella,Tripet,otripet4h@state.gov,Non-binary
163,Cleo,Paolazzi,cpaolazzi4i@senate.gov,Female
164,Catherina,Skunes,cskunes4j@toplist.cz,Female
165,Del,Peirce,dpeirce4k@nature.com,Female
166,Ofilia,Catterall,ocatterall4l@shop-pro.jp,Female
167,Julie,Mayne,jmayne4m@artisteer.com,Male
168,Delcine,O'Kinedy,dokinedy4n@ucoz.ru,Female
169,Archy,Keemar,akeemar4o@go.com,Male
170,Lorenza,Ineson,lineson4p@si.edu,Female
171,Elli,Collinson,ecollinson4q@cdbaby.com,Female
172,Dino,Tarbert,dtarbert4r@slashdot.org,Male
173,Alfie,Book,abook4s@ucoz.ru,Male
174,Vladimir,Zoanetti,vzoanetti4t@sciencedaily.com,Male
175,Osborn,Angrick,oangrick4u@1und1.de,Male
176,Lorrie,Reolfo,lreolfo4v@sfgate.com,Male
177,Elvyn,Paulley,epaulley4w@webnode.com,Male
178,My,Wakerley,mwakerley4x@digg.com,Male
179,Tommie,Heinert,theinert4y@auda.org.au,Female
180,Ulises,Satterly,usatterly4z@princeton.edu,Male
181,Bianca,Hehl,bhehl50@myspace.com,Female
182,Skye,Forrestill,sforrestill51@seesaa.net,Male
183,Kendrick,Craddy,kcraddy52@nationalgeographic.com,Male
184,Cammy,Earey,cearey53@columbia.edu,Male
185,Ogdon,Ginity,oginity54@mayoclinic.com,Male
186,Elsinore,Orknay,eorknay55@noaa.gov,Female
187,Katheryn,Feehery,kfeehery56@washingtonpost.com,Female
188,Allyn,Baline,abaline57@psu.edu,Female
189,Bidget,Flacke,bflacke58@acquirethisname.com,Female
190,Whitaker,Goulbourne,wgoulbourne59@scribd.com,Male
191,Trina,Othen,tothen5a@nydailynews.com,Female
192,Onfroi,Dreschler,odreschler5b@yahoo.co.jp,Bigender
193,Kelvin,Stell,kstell5c@comcast.net,Genderfluid
194,Channa,Mendenhall,cmendenhall5d@bandcamp.com,Bigender
195,Dorene,Cadigan,dcadigan5e@123-reg.co.uk,Female
196,Willie,Scirman,wscirman5f@blogger.com,Female
197,Emilie,Ranner,eranner5g@alexa.com,Female
198,Geneva,Petrie,gpetrie5h@symantec.com,Female
199,Page,Gillian,pgillian5i@so-net.ne.jp,Male
200,Salli,Breewood,sbreewood5j@ca.gov,Agender
201,Ezra,Adrien,eadrien5k@xinhuanet.com,Male
202,Hazel,Crame,hcrame5l@facebook.com,Male
203,Willis,Merwede,wmerwede5m@ca.gov,Male
204,Sula,Isley,sisley5n@infoseek.co.jp,Female
205,Yancy,Drinkhall,ydrinkhall5o@reuters.com,Genderfluid
206,Chancey,Soares,csoares5p@amazon.com,Male
207,Enid,Joysey,ejoysey5q@sfgate.com,Female
208,Mel,Peasegood,mpeasegood5r@pbs.org,Male
209,Mel,Naisbitt,mnaisbitt5s@amazon.co.jp,Male
210,Darb,McLeod,dmcleod5t@census.gov,Male
211,Alisander,Wraxall,awraxall5u@dmoz.org,Male
212,Jakie,Le Cornu,jlecornu5v@bing.com,Male
213,Leda,Westwater,lwestwater5w@multiply.com,Female
214,Arlyne,Cossans,acossans5x@sphinn.com,Female
215,Wandie,Woollends,wwoollends5y@google.pl,Female
216,Fax,Dorgan,fdorgan5z@mapquest.com,Male
217,Harman,Gutman,hgutman60@godaddy.com,Male
218,Candie,Gress,cgress61@tinyurl.com,Female
219,Nobe,Cinderey,ncinderey62@ftc.gov,Male
220,Ethelda,McArtan,emcartan63@engadget.com,Female
221,Lucila,Sandcraft,lsandcraft64@dailymotion.com,Female
222,Murielle,Neeves,mneeves65@facebook.com,Female
223,Carlo,Chaudron,cchaudron66@angelfire.com,Male
224,Kerrie,Gorsse,kgorsse67@msn.com,Female
225,Delores,Blencowe,dblencowe68@tumblr.com,Female
226,Dominic,Minshaw,dminshaw69@nps.gov,Male
227,Gram,Alvy,galvy6a@fda.gov,Male
228,Rodge,Scoates,rscoates6b@rediff.com,Male
229,Babara,Wallsam,bwallsam6c@clickbank.net,Female
230,Gery,Winckle,gwinckle6d@google.com.au,Male
231,Mayer,Lambkin,mlambkin6e@amazonaws.com,Male
232,Jaquenetta,Mursell,jmursell6f@sohu.com,Female
233,Donni,Kristof,dkristof6g@shinystat.com,Female
234,Cornall,Stainland,cstainland6h@dmoz.org,Male
235,Randie,Filipponi,rfilipponi6i@sitemeter.com,Male
236,L;urette,Doll,ldoll6j@rakuten.co.jp,Female
237,Johnnie,Godsafe,jgodsafe6k@springer.com,Male
238,Jeddy,Schoales,jschoales6l@google.cn,Male
239,Austen,Pedrocchi,apedrocchi6m@patch.com,Male
240,Gabey,Langeren,glangeren6n@privacy.gov.au,Female
241,Kathryne,Chicotti,kchicotti6o@wiley.com,Genderqueer
242,Elfreda,Cousins,ecousins6p@list-manage.com,Genderqueer
243,Paolina,Upshall,pupshall6q@1und1.de,Female
244,Monroe,Barwise,mbarwise6r@hatena.ne.jp,Male
245,Pauletta,Braferton,pbraferton6s@github.com,Female
246,Pavlov,Rolls,prolls6t@fastcompany.com,Male
247,Hastings,MacColm,hmaccolm6u@fda.gov,Male
248,Selina,Aris,saris6v@delicious.com,Female
249,Rana,Sorby,rsorby6w@pen.io,Female
250,Issy,Romme,iromme6x@globo.com,Female
251,Clare,Kuschel,ckuschel6y@biglobe.ne.jp,Male
252,Ricki,Milmith,rmilmith6z@home.pl,Female
253,Lyle,Jansema,ljansema70@moonfruit.com,Male
254,Christan,Shorter,cshorter71@si.edu,Female
255,Clarance,Thornhill,cthornhill72@intel.com,Male
256,Josi,Fingleton,jfingleton73@technorati.com,Female
257,Evania,Kiley,ekiley74@ehow.com,Female
258,Osmund,South,osouth75@cloudflare.com,Male
259,Debby,Clyburn,dclyburn76@spotify.com,Female
260,Babbie,Bownass,bbownass77@people.com.cn,Female
261,Bernita,Redholls,bredholls78@hugedomains.com,Female
262,Rik,Killigrew,rkilligrew79@newyorker.com,Male
263,Kleon,Kenwin,kkenwin7a@cnbc.com,Male
264,Fae,Furby,ffurby7b@reuters.com,Female
265,Carilyn,Champneys,cchampneys7c@aboutads.info,Female
266,Cheslie,Rogers,crogers7d@mozilla.com,Female
267,Georgie,Reilingen,greilingen7e@geocities.com,Male
268,Aleen,Carradice,acarradice7f@ehow.com,Female
269,Jay,Yersin,jyersin7g@twitter.com,Male
270,Estella,Mannooch,emannooch7h@hostgator.com,Female
271,Cob,Collis,ccollis7i@google.cn,Male
272,Eartha,Huckle,ehuckle7j@hp.com,Agender
273,Yelena,Bury,ybury7k@netlog.com,Female
274,Gradeigh,Hopfer,ghopfer7l@php.net,Male
275,Berty,Fishbie,bfishbie7m@auda.org.au,Male
276,Paolina,Hanway,phanway7n@mlb.com,Non-binary
277,Leoline,Grimditch,lgrimditch7o@odnoklassniki.ru,Non-binary
278,Tadeas,Geldeard,tgeldeard7p@flickr.com,Male
279,Carleton,Buxam,cbuxam7q@yahoo.com,Polygender
280,Debor,Maren,dmaren7r@theguardian.com,Agender
281,Iris,Rosenbloom,irosenbloom7s@reference.com,Female
282,Elly,Dibdin,edibdin7t@state.gov,Female
283,Candie,Fishby,cfishby7u@mit.edu,Female
284,Haslett,Darque,hdarque7v@yellowpages.com,Male
285,Lucienne,Honisch,lhonisch7w@princeton.edu,Female
286,Sayers,Greenlies,sgreenlies7x@yellowbook.com,Male
287,Brynn,Mazzilli,bmazzilli7y@uol.com.br,Female
288,Lindi,McClaurie,lmcclaurie7z@auda.org.au,Female
289,Coreen,Warsap,cwarsap80@walmart.com,Female
290,Sayer,Dunsford,sdunsford81@msn.com,Male
291,Tomlin,Bonifazio,tbonifazio82@amazonaws.com,Male
292,Corbett,Adlem,cadlem83@netlog.com,Male
293,Antonius,Breyt,abreyt84@csmonitor.com,Male
294,Hillyer,Hasson,hhasson85@example.com,Male
295,Korey,Ortmann,kortmann86@elegantthemes.com,Male
296,Cristina,Brayley,cbrayley87@reddit.com,Female
297,Sybila,Camois,scamois88@ebay.com,Female
298,Dallas,Charlot,dcharlot89@loc.gov,Male
299,Rosaline,Tanby,rtanby8a@cbsnews.com,Female
300,Costanza,Simmen,csimmen8b@privacy.gov.au,Female
301,Nathalia,Agus,nagus8c@bigcartel.com,Female
302,Reggi,Bernet,rbernet8d@geocities.com,Female
303,Georgie,MacAscaidh,gmacascaidh8e@ezinearticles.com,Female
304,Emanuel,Yurkov,eyurkov8f@miitbeian.gov.cn,Male
305,Louella,Paolo,lpaolo8g@digg.com,Female
306,Neill,Buckel,nbuckel8h@illinois.edu,Genderfluid
307,Tasia,Pactat,tpactat8i@bravesites.com,Female
308,Andreas,Belfit,abelfit8j@shutterfly.com,Male
309,Perry,Cadge,pcadge8k@themeforest.net,Female
310,Germayne,Tessington,gtessington8l@freewebs.com,Male
311,Willi,Sent,wsent8m@theatlantic.com,Female
312,Waverley,MacKettrick,wmackettrick8n@wikimedia.org,Male
313,Vidovik,Brower,vbrower8o@reuters.com,Male
314,Ransom,Stammer,rstammer8p@vkontakte.ru,Male
315,Celle,Coonihan,ccoonihan8q@soup.io,Female
316,Alika,Rogez,arogez8r@acquirethisname.com,Female
317,Danielle,Godsell,dgodsell8s@mysql.com,Non-binary
318,Arlie,Grise,agrise8t@businessweek.com,Female
319,Olive,Janda,ojanda8u@amazon.de,Female
320,Efren,Matys,ematys8v@tinyurl.com,Male
321,Armand,Guys,aguys8w@apple.com,Male
322,Leisha,Hundall,lhundall8x@goo.ne.jp,Female
323,Gordy,Pyper,gpyper8y@zimbio.com,Male
324,Jaimie,Friary,jfriary8z@samsung.com,Male
325,Gerri,Lambird,glambird90@odnoklassniki.ru,Female
326,Daren,Malham,dmalham91@bbc.co.uk,Male
327,Shirlene,Vanyashin,svanyashin92@techcrunch.com,Female
328,Kipp,Carnachen,kcarnachen93@europa.eu,Female
329,Orrin,O'Kieran,ookieran94@skype.com,Male
330,Bertie,Capelin,bcapelin95@51.la,Male
331,Lexy,O'Shevlin,loshevlin96@cbsnews.com,Female
332,Padraic,Eastment,peastment97@stanford.edu,Male
333,Saxon,Knowlson,sknowlson98@gmpg.org,Male
334,Archy,Kinnier,akinnier99@arstechnica.com,Male
335,Madelaine,Cockney,mcockney9a@drupal.org,Female
336,Vanny,Milleton,vmilleton9b@about.me,Female
337,Elfrida,Syversen,esyversen9c@cbc.ca,Female
338,Cristiano,Burchatt,cburchatt9d@gizmodo.com,Male
339,Jackson,Triswell,jtriswell9e@miibeian.gov.cn,Male
340,Dominica,Itzig,ditzig9f@unc.edu,Female
341,Pammy,Flockhart,pflockhart9g@shinystat.com,Female
342,Ed,Bushell,ebushell9h@infoseek.co.jp,Male
343,Ivette,Rayson,irayson9i@patch.com,Female
344,Chev,Jouandet,cjouandet9j@hibu.com,Male
345,Huey,Maxted,hmaxted9k@auda.org.au,Male
346,Tailor,Iacomelli,tiacomelli9l@answers.com,Agender
347,Konstanze,Mongan,kmongan9m@webmd.com,Female
348,Merrill,Tappor,mtappor9n@is.gd,Male
349,Jeana,Landsborough,jlandsborough9o@artisteer.com,Female
350,Abbi,Van den Velde,avandenvelde9p@shinystat.com,Female
351,Ettie,Wallsam,ewallsam9q@economist.com,Female
352,Sharia,McCurtain,smccurtain9r@berkeley.edu,Female
353,Selena,Tremble,stremble9s@yahoo.com,Non-binary
354,Kaitlyn,Bauldrey,kbauldrey9t@tmall.com,Genderqueer
355,Clem,Waulker,cwaulker9u@reuters.com,Genderqueer
356,Stan,Happert,shappert9v@apple.com,Male
357,Tam,Pleasaunce,tpleasaunce9w@elegantthemes.com,Male
358,Aubry,Conti,aconti9x@about.me,Female
359,Sherwynd,Vardon,svardon9y@w3.org,Male
360,Livvie,Roos,lroos9z@state.gov,Female
361,Jocelin,Wingeat,jwingeata0@senate.gov,Female
362,Cordie,Curwood,ccurwooda1@google.ca,Male
363,Petr,Yeats,pyeatsa2@cpanel.net,Male
364,Kerrie,Vallantine,kvallantinea3@flavors.me,Female
365,Sybilla,Donaher,sdonahera4@pbs.org,Agender
366,Osmond,Otto,oottoa5@harvard.edu,Male
367,Laura,Chrystie,lchrystiea6@timesonline.co.uk,Female
368,Trula,Kunkler,tkunklera7@nydailynews.com,Female
369,Nichole,Joyes,njoyesa8@google.ca,Female
370,Urban,Shellum,ushelluma9@latimes.com,Male
371,Leoine,Dax,ldaxaa@arizona.edu,Female
372,Hilliary,Antrag,hantragab@mapquest.com,Female
373,Ray,Heakey,rheakeyac@nba.com,Female
374,Pall,Beggan,pbegganad@cdbaby.com,Male
375,Tore,Cornillot,tcornillotae@disqus.com,Male
376,Oralee,Pendergrast,opendergrastaf@nyu.edu,Female
377,Marlyn,Busk,mbuskag@over-blog.com,Female
378,Kaylee,McGrady,kmcgradyah@mtv.com,Female
379,Kinsley,Silbermann,ksilbermannai@addtoany.com,Male
380,Vachel,Charville,vcharvilleaj@huffingtonpost.com,Male
381,Gerardo,Atterbury,gatterburyak@google.co.uk,Male
382,Faye,Harbach,fharbachal@usnews.com,Female
383,Darrin,Norcliffe,dnorcliffeam@domainmarket.com,Male
384,Thurstan,Boddington,tboddingtonan@soup.io,Male
385,Shaine,Prandoni,sprandoniao@biglobe.ne.jp,Male
386,Delainey,Pigeon,dpigeonap@furl.net,Male
387,Alina,Duval,aduvalaq@dailymotion.com,Female
388,Merrile,Donegan,mdoneganar@qq.com,Female
389,Sammy,Lindelof,slindelofas@umich.edu,Female
390,Sam,Tulip,stulipat@sina.com.cn,Male
391,Meier,Leith,mleithau@scribd.com,Male
392,Colleen,Creebo,ccreeboav@free.fr,Female
393,Umeko,Brimblecombe,ubrimblecombeaw@fda.gov,Female
394,Lorin,Montfort,lmontfortax@godaddy.com,Male
395,Penrod,Longbothom,plongbothomay@reddit.com,Male
396,Nikolaus,Flipsen,nflipsenaz@phpbb.com,Male
397,Lauralee,Estick,lestickb0@merriam-webster.com,Female
398,Laureen,Pulham,lpulhamb1@about.me,Female
399,Allin,Whitticks,awhitticksb2@sfgate.com,Male
400,Patrice,Hurley,phurleyb3@rediff.com,Female
401,Doris,Muehler,dmuehlerb4@wisc.edu,Female
402,Ezechiel,Spurge,espurgeb5@icio.us,Male
403,Tirrell,Wardlow,twardlowb6@nsw.gov.au,Male
404,Brinna,Brunon,bbrunonb7@noaa.gov,Female
405,Jacobo,Skully,jskullyb8@berkeley.edu,Male
406,Stanleigh,Tarbert,starbertb9@example.com,Male
407,Greggory,Simoni,gsimoniba@ow.ly,Male
408,Kerry,McNutt,kmcnuttbb@g.co,Female
409,Julianne,Tunuy,jtunuybc@cdc.gov,Female
410,Sadie,Ledgister,sledgisterbd@ftc.gov,Female
411,Sophey,Lansdowne,slansdownebe@amazonaws.com,Female
412,Noni,Bricklebank,nbricklebankbf@addthis.com,Female
413,Jacquette,Garritley,jgarritleybg@altervista.org,Female
414,Kincaid,Hedge,khedgebh@facebook.com,Male
415,Frederik,McGonigal,fmcgonigalbi@walmart.com,Male
416,Herve,Kampshell,hkampshellbj@seattletimes.com,Male
417,Gusella,Vieyra,gvieyrabk@google.cn,Female
418,Devina,Denson,ddensonbl@samsung.com,Polygender
419,Susan,Hodgin,shodginbm@freewebs.com,Female
420,Linn,Meyer,lmeyerbn@liveinternet.ru,Male
421,Prisca,Admans,padmansbo@pagesperso-orange.fr,Female
422,Ingeberg,Cowgill,icowgillbp@topsy.com,Female
423,Nicolais,Celiz,ncelizbq@vinaora.com,Male
424,Bobbe,Cufflin,bcufflinbr@t.co,Female
425,Hogan,Gosby,hgosbybs@npr.org,Male
426,Eddie,Peasee,epeaseebt@ox.ac.uk,Female
427,Jamesy,Kearle,jkearlebu@youtube.com,Male
428,Lilla,Barnaby,lbarnabybv@washington.edu,Female
429,Orville,Marcinkus,omarcinkusbw@goo.ne.jp,Male
430,Luther,Shemilt,lshemiltbx@xing.com,Male
431,Dermot,Furnell,dfurnellby@blogspot.com,Male
432,Cathee,Izzatt,cizzattbz@rediff.com,Female
433,Persis,Orbine,porbinec0@google.co.uk,Female
434,Kathrine,Bagot,kbagotc1@hud.gov,Female
435,Gretna,Le Marquand,glemarquandc2@npr.org,Female
436,Maximilian,Mulcock,mmulcockc3@uol.com.br,Bigender
437,Yorke,Stanning,ystanningc4@dedecms.com,Male
438,Harry,Askem,haskemc5@artisteer.com,Male
439,Bambi,Sherewood,bsherewoodc6@acquirethisname.com,Female
440,Gardie,Guerin,gguerinc7@artisteer.com,Male
441,Sabra,Trime,strimec8@wp.com,Female
442,Brady,Sherrington,bsherringtonc9@marriott.com,Genderqueer
443,Allister,Aynscombe,aaynscombeca@nsw.gov.au,Male
444,Allx,Comiskey,acomiskeycb@senate.gov,Female
445,Aline,Piotr,apiotrcc@census.gov,Female
446,Augy,Mollin,amollincd@bravesites.com,Male
447,Lexi,Colleford,lcollefordce@utexas.edu,Female
448,Malorie,Leadstone,mleadstonecf@booking.com,Female
449,Britte,Markey,bmarkeycg@wunderground.com,Female
450,Patsy,Groveham,pgrovehamch@about.me,Female
451,Batholomew,Nutman,bnutmanci@icio.us,Male
452,Wren,Cronshaw,wcronshawcj@msn.com,Female
453,Jocelyne,Fewings,jfewingsck@1und1.de,Female
454,Rouvin,Charnock,rcharnockcl@comsenz.com,Male
455,Sheila,Caskey,scaskeycm@cisco.com,Female
456,Jordanna,Seebert,jseebertcn@ycombinator.com,Female
457,Zebedee,Grayer,zgrayerco@springer.com,Male
458,Geraldine,Isakovic,gisakoviccp@godaddy.com,Female
459,Alisun,Colclough,acolcloughcq@phpbb.com,Female
460,Carolan,Eisenberg,ceisenbergcr@telegraph.co.uk,Female
461,Cort,Puddin,cpuddincs@symantec.com,Male
462,Rowen,Trammel,rtrammelct@hexun.com,Male
463,Even,Geeson,egeesoncu@npr.org,Male
464,Claudianus,Salzen,csalzencv@npr.org,Male
465,Abey,Jewsbury,ajewsburycw@imgur.com,Male
466,Frederik,Aicken,faickencx@moonfruit.com,Male
467,Ode,Andrez,oandrezcy@dropbox.com,Male
468,Sallee,Tramel,stramelcz@deviantart.com,Genderqueer
469,Rozele,Philpin,rphilpind0@hexun.com,Female
470,Nadya,Seven,nsevend1@wisc.edu,Female
471,Patrizio,Hanhardt,phanhardtd2@zimbio.com,Genderfluid
472,Elijah,Brisset,ebrissetd3@ucoz.ru,Male
473,Karlen,Taig,ktaigd4@mapquest.com,Female
474,Licha,Garden,lgardend5@theglobeandmail.com,Non-binary
475,Elmer,Derobert,ederobertd6@slate.com,Male
476,Gail,Ondrus,gondrusd7@delicious.com,Male
477,Martie,Mullally,mmullallyd8@toplist.cz,Female
478,Aviva,Okell,aokelld9@nhs.uk,Female
479,Orran,Hoult,ohoultda@wp.com,Male
480,Klemens,Wilshere,kwilsheredb@java.com,Polygender
481,Yorgo,Bilsland,ybilslanddc@fda.gov,Male
482,Brianna,Duggon,bduggondd@nhs.uk,Female
483,Wilmer,Harmond,wharmondde@lulu.com,Male
484,Farris,Fabb,ffabbdf@dagondesign.com,Polygender
485,Estrellita,Subhan,esubhandg@domainmarket.com,Female
486,Darci,Scay,dscaydh@zimbio.com,Female
487,Lowell,Warburton,lwarburtondi@marketwatch.com,Male
488,Ingar,Daniell,idanielldj@i2i.jp,Male
489,Daffie,O'Hengerty,dohengertydk@army.mil,Female
490,Osbert,Axon,oaxondl@nymag.com,Male
491,Giraldo,Worthington,gworthingtondm@army.mil,Male
492,Orlan,Moreinis,omoreinisdn@cafepress.com,Male
493,Delcine,Whitta,dwhittado@netscape.com,Female
494,Rosanne,Iacobo,riacobodp@mapquest.com,Genderfluid
495,Grove,Mowat,gmowatdq@usda.gov,Male
496,Laura,Teck,lteckdr@nature.com,Female
497,Gertie,Rauprich,grauprichds@furl.net,Polygender
498,Margaretta,Stapylton,mstapyltondt@sitemeter.com,Female
499,Calv,Laetham,claethamdu@huffingtonpost.com,Male
500,Shaun,Simonetti,ssimonettidv@fema.gov,Male
501,Armand,Poulden,apouldendw@merriam-webster.com,Male
502,Aurelie,Bargh,abarghdx@nba.com,Female
503,Syman,Grayson,sgraysondy@ibm.com,Bigender
504,Barbe,Colquhoun,bcolquhoundz@acquirethisname.com,Non-binary
505,Fons,Robardley,frobardleye0@abc.net.au,Male
506,Harvey,Griffoen,hgriffoene1@furl.net,Male
507,Birgit,Deinert,bdeinerte2@zdnet.com,Female
508,Margareta,Milch,mmilche3@usatoday.com,Female
509,Daveen,Whellans,dwhellanse4@youku.com,Female
510,Bessy,Markham,bmarkhame5@friendfeed.com,Female
511,Hastie,Bartul,hbartule6@amazon.com,Male
512,Filia,Pedron,fpedrone7@dailymotion.com,Female
513,Wilow,Monck,wmoncke8@homestead.com,Female
514,Karine,Zuan,kzuane9@wordpress.com,Female
515,Crosby,Kryszka,ckryszkaea@google.com,Male
516,Launce,Campion,lcampioneb@github.com,Male
517,Zita,Crann,zcrannec@tripadvisor.com,Female
518,Kyle,Grimsdith,kgrimsdithed@rakuten.co.jp,Female
519,Sammy,Tansly,stanslyee@about.com,Male
520,Idelle,Lowther,ilowtheref@sina.com.cn,Female
521,Conney,Pickvance,cpickvanceeg@ustream.tv,Male
522,Will,Gaven,wgaveneh@indiatimes.com,Polygender
523,Elvera,Micallef,emicallefei@ebay.co.uk,Female
524,Lorrin,Yude,lyudeej@oaic.gov.au,Female
525,Pen,Kerfoot,pkerfootek@cpanel.net,Female
526,Kimbra,Ameer-Beg,kameerbegel@accuweather.com,Female
527,Emogene,McArte,emcarteem@theguardian.com,Polygender
528,Niel,Carsey,ncarseyen@skype.com,Male
529,Kinny,Rickardes,krickardeseo@sourceforge.net,Male
530,Ambros,Yesenin,ayeseninep@privacy.gov.au,Male
531,Alene,MacCostye,amaccostyeeq@npr.org,Female
532,Isac,Lennie,ilennieer@godaddy.com,Non-binary
533,Collette,Pregal,cpregales@hp.com,Female
534,Clerc,MacCroary,cmaccroaryet@huffingtonpost.com,Male
535,Kerk,McGahy,kmcgahyeu@sfgate.com,Male
536,Daisey,Vossgen,dvossgenev@purevolume.com,Female
537,Nollie,Pfeffer,npfefferew@xing.com,Female
538,Joli,Scarlon,jscarlonex@fc2.com,Female
539,Teddy,Tonn,ttonney@chicagotribune.com,Female
540,Wilhelmina,Grimsditch,wgrimsditchez@stumbleupon.com,Female
541,Cal,Vannuccini,cvannuccinif0@pbs.org,Female
542,Yardley,Pitchford,ypitchfordf1@topsy.com,Male
543,Clare,Maddy,cmaddyf2@scribd.com,Male
544,Genia,Stollenbecker,gstollenbeckerf3@newyorker.com,Female
545,Abbie,Choppen,achoppenf4@sakura.ne.jp,Female
546,Tandy,Bahike,tbahikef5@studiopress.com,Female
547,Randi,Avrahamian,ravrahamianf6@yolasite.com,Female
548,Sergent,Peterken,speterkenf7@homestead.com,Male
549,Nathalia,Goff,ngofff8@blog.com,Female
550,Ailina,Norcliffe,anorcliffef9@cam.ac.uk,Female
551,Nicol,Graeber,ngraeberfa@samsung.com,Female
552,Sam,Broadnicke,sbroadnickefb@typepad.com,Male
553,Gerardo,Buckthought,gbuckthoughtfc@blogger.com,Male
554,Murry,Cary,mcaryfd@yahoo.com,Male
555,Muffin,Cunio,mcuniofe@bizjournals.com,Female
556,Cherri,Enrigo,cenrigoff@japanpost.jp,Female
557,Tabby,Obeney,tobeneyfg@merriam-webster.com,Male
558,Rodger,De Michetti,rdemichettifh@usnews.com,Male
559,Iris,Grattage,igrattagefi@wunderground.com,Female
560,Leonore,Ambrosetti,lambrosettifj@globo.com,Female
561,Yorgos,Ludwikiewicz,yludwikiewiczfk@unicef.org,Male
562,Prudy,Swafford,pswaffordfl@google.pl,Female
563,Nero,Dowson,ndowsonfm@sun.com,Male
564,Nikki,Lovart,nlovartfn@zimbio.com,Male
565,Britte,Langfat,blangfatfo@examiner.com,Female
566,Trixie,Jeffcoat,tjeffcoatfp@symantec.com,Female
567,Natala,Marquis,nmarquisfq@skype.com,Female
568,Riccardo,Tash,rtashfr@bloomberg.com,Male
569,Elisha,Dunstan,edunstanfs@cargocollective.com,Male
570,Virgie,Brounsell,vbrounsellft@github.com,Male
571,Alyda,Thunder,athunderfu@china.com.cn,Female
572,Lucilia,Floris,lflorisfv@latimes.com,Female
573,Rog,Hadgraft,rhadgraftfw@edublogs.org,Male
574,Spense,Thews,sthewsfx@surveymonkey.com,Male
575,Bunni,Dyke,bdykefy@hostgator.com,Female
576,Helenka,Sinyard,hsinyardfz@booking.com,Non-binary
577,Ashely,Deverale,adeveraleg0@reference.com,Female
578,Stepha,Asgodby,sasgodbyg1@nba.com,Non-binary
579,Friederike,Brafield,fbrafieldg2@thetimes.co.uk,Female
580,Lucas,Yuryichev,lyuryichevg3@networksolutions.com,Male
581,Vincenty,Jaquiss,vjaquissg4@rambler.ru,Male
582,Nancie,Coleborn,ncoleborng5@phoca.cz,Female
583,Jessa,McAlees,jmcaleesg6@meetup.com,Female
584,Dominic,Lumsdaine,dlumsdaineg7@gizmodo.com,Male
585,Thatch,Biskupek,tbiskupekg8@ovh.net,Male
586,Blaine,Lacelett,blacelettg9@trellian.com,Male
587,Amanda,Tremathick,atremathickga@addthis.com,Female
588,Louise,Behn,lbehngb@sfgate.com,Genderqueer
589,Rosemarie,Hearley,rhearleygc@hibu.com,Female
590,Lavena,Beament,lbeamentgd@nps.gov,Non-binary
591,Lucienne,Weight,lweightge@google.com,Bigender
592,Humberto,Beckers,hbeckersgf@statcounter.com,Male
593,Corabella,Cordle,ccordlegg@hibu.com,Female
594,Katheryn,Archdeckne,karchdecknegh@purevolume.com,Female
595,Ethelbert,Castanares,ecastanaresgi@sitemeter.com,Male
596,Benjie,McCray,bmccraygj@tinyurl.com,Male
597,Clay,Saben,csabengk@lycos.com,Male
598,Fletch,Talboy,ftalboygl@youtu.be,Male
599,Lissy,Dumbare,ldumbaregm@bbc.co.uk,Female
600,Marlin,Lemonnier,mlemonniergn@yandex.ru,Male
601,Edgardo,Robelow,erobelowgo@joomla.org,Male
602,Leah,Nicholes,lnicholesgp@uiuc.edu,Female
603,Gaspard,Eglin,geglingq@github.com,Male
604,Cathe,Notman,cnotmangr@usgs.gov,Female
605,Hayward,Flexman,hflexmangs@list-manage.com,Genderqueer
606,Clotilda,Greengrass,cgreengrassgt@artisteer.com,Genderfluid
607,Shelbi,Feehily,sfeehilygu@state.gov,Female
608,Merell,Focke,mfockegv@cmu.edu,Male
609,Towny,Cheke,tchekegw@wordpress.org,Male
610,Stacy,Chin,schingx@weibo.com,Male
611,Lissy,Glidden,lgliddengy@rediff.com,Female
612,Jemima,Potapczuk,jpotapczukgz@amazon.com,Female
613,Alford,Corragan,acorraganh0@wiley.com,Male
614,Zebedee,Yarrall,zyarrallh1@ow.ly,Male
615,Hamnet,McFarlane,hmcfarlaneh2@weebly.com,Male
616,Cherianne,O'Bruen,cobruenh3@elegantthemes.com,Bigender
617,Zedekiah,Mochan,zmochanh4@vistaprint.com,Male
618,Grayce,Dakhno,gdakhnoh5@youtube.com,Female
619,Katlin,Drennan,kdrennanh6@zdnet.com,Female
620,Archambault,Cridlan,acridlanh7@ameblo.jp,Male
621,Thomas,Dryden,tdrydenh8@miitbeian.gov.cn,Male
622,Ansell,Campelli,acampellih9@weibo.com,Polygender
623,Shae,Wilton,swiltonha@amazon.co.uk,Male
624,Celene,Kettoe,ckettoehb@netlog.com,Female
625,Cross,Pooley,cpooleyhc@ustream.tv,Male
626,Ardelis,Wreight,awreighthd@time.com,Female
627,Lorelei,Castagnasso,lcastagnassohe@webmd.com,Female
628,Waneta,Weadick,wweadickhf@discovery.com,Female
629,Melisse,McNeish,mmcneishhg@yandex.ru,Female
630,Percy,Neame,pneamehh@ox.ac.uk,Male
631,Pearline,Edgcombe,pedgcombehi@marriott.com,Female
632,Tris,Keppe,tkeppehj@woothemes.com,Polygender
633,Cedric,Vacher,cvacherhk@theatlantic.com,Male
634,Dukie,Bearblock,dbearblockhl@symantec.com,Male
635,Yankee,MacGettigen,ymacgettigenhm@wikimedia.org,Male
636,Kelly,Belding,kbeldinghn@ebay.com,Female
637,Virgie,Zoppo,vzoppoho@unc.edu,Male
638,Kendrick,Kleynermans,kkleynermanshp@technorati.com,Male
639,Mandie,Rounsefull,mrounsefullhq@blinklist.com,Female
640,Aloise,Inkpin,ainkpinhr@utexas.edu,Female
641,Padraic,Ewence,pewencehs@mlb.com,Male
642,Jorrie,Cleland,jclelandht@chicagotribune.com,Female
643,Betteann,Nyles,bnyleshu@narod.ru,Female
644,Dory,Bransby,dbransbyhv@wordpress.com,Female
645,Paxon,Fayre,pfayrehw@time.com,Male
646,Tobiah,Darter,tdarterhx@google.ca,Male
647,Claudie,Greenman,cgreenmanhy@shutterfly.com,Agender
648,Eli,Tumber,etumberhz@marketwatch.com,Male
649,Adriana,Houchin,ahouchini0@i2i.jp,Female
650,Isabeau,Fleckney,ifleckneyi1@pen.io,Female
651,Alix,Samme,asammei2@infoseek.co.jp,Female
652,Kelcy,Kernocke,kkernockei3@opensource.org,Female
653,Aubrie,Durham,adurhami4@example.com,Female
654,Maye,Hills,mhillsi5@multiply.com,Female
655,Roanne,Eisak,reisaki6@nps.gov,Female
656,Richmond,Heathfield,rheathfieldi7@scientificamerican.com,Male
657,Garner,Henighan,ghenighani8@issuu.com,Male
658,Culver,Spiers,cspiersi9@cbsnews.com,Male
659,Gaby,Pickles,gpicklesia@google.de,Male
660,Lolita,Baggelley,lbaggelleyib@buzzfeed.com,Female
661,Elle,Lotte,elotteic@is.gd,Female
662,Algernon,Wharmby,awharmbyid@wsj.com,Male
663,Michaella,Whiscard,mwhiscardie@storify.com,Female
664,Diena,Magrane,dmagraneif@washingtonpost.com,Female
665,Catarina,Bathersby,cbathersbyig@jigsy.com,Female
666,Terrell,Densell,tdensellih@wsj.com,Male
667,Ravi,Nel,rnelii@omniture.com,Male
668,Gwendolen,Pywell,gpywellij@imgur.com,Female
669,Mathe,MacCafferky,mmaccafferkyik@uol.com.br,Male
670,Gabriella,Rembrandt,grembrandtil@e-recht24.de,Female
671,Merrel,Morsom,mmorsomim@g.co,Male
672,Hillery,Rau,hrauin@weather.com,Genderqueer
673,Ferrell,Baudoux,fbaudouxio@forbes.com,Male
674,Missy,Stones,mstonesip@illinois.edu,Female
675,Emlynne,Dunsmuir,edunsmuiriq@dot.gov,Genderfluid
676,Zane,Linder,zlinderir@oaic.gov.au,Male
677,Harv,Charrette,hcharretteis@w3.org,Male
678,Valdemar,Shernock,vshernockit@bluehost.com,Polygender
679,Gideon,Budden,gbuddeniu@storify.com,Male
680,Aldin,Robinson,arobinsoniv@joomla.org,Male
681,Auberon,Mourbey,amourbeyiw@washingtonpost.com,Male
682,Tera,Pennycook,tpennycookix@ucsd.edu,Female
683,Biddy,Blackmoor,bblackmooriy@chicagotribune.com,Female
684,Petronille,Brooks,pbrooksiz@slashdot.org,Female
685,Oates,Tranter,otranterj0@paypal.com,Polygender
686,Alvina,Willimott,awillimottj1@list-manage.com,Female
687,Trevor,McCauley,tmccauleyj2@wunderground.com,Male
688,Selby,Giraudat,sgiraudatj3@gov.uk,Male
689,Margaretha,Pallis,mpallisj4@e-recht24.de,Female
690,Bobbette,Dowsing,bdowsingj5@bandcamp.com,Agender
691,Zandra,Markos,zmarkosj6@wiley.com,Female
692,Nicolea,Bramble,nbramblej7@va.gov,Polygender
693,Hallie,Aymerich,haymerichj8@marketwatch.com,Genderqueer
694,Josselyn,Marie,jmariej9@wunderground.com,Female
695,Taber,Galvin,tgalvinja@smugmug.com,Male
696,Maximilien,Jezard,mjezardjb@sohu.com,Male
697,Job,Lafranconi,jlafranconijc@51.la,Male
698,Oralla,Fischer,ofischerjd@forbes.com,Polygender
699,Zebulen,Pettegree,zpettegreeje@wired.com,Polygender
700,Tillie,Glasson,tglassonjf@simplemachines.org,Female
701,Dory,Kubicek,dkubicekjg@usa.gov,Male
702,Grace,Peniman,gpenimanjh@last.fm,Male
703,Elie,Kimbley,ekimbleyji@de.vu,Female
704,Colin,Klimentyev,cklimentyevjj@com.com,Male
705,Rourke,Slemming,rslemmingjk@gizmodo.com,Male
706,Maxy,Iverson,miversonjl@cdc.gov,Male
707,Noelani,Panchen,npanchenjm@addthis.com,Female
708,Gordy,Flatley,gflatleyjn@geocities.com,Male
709,Aridatha,Disbury,adisburyjo@admin.ch,Female
710,Davina,Guppie,dguppiejp@ucsd.edu,Female
711,Malvina,Adamovsky,madamovskyjq@geocities.jp,Female
712,Dorette,Dadd,ddaddjr@rediff.com,Female
713,Fanechka,Bucklan,fbucklanjs@ted.com,Female
714,Wilfrid,Kilbourne,wkilbournejt@home.pl,Male
715,Aura,Khilkov,akhilkovju@berkeley.edu,Genderfluid
716,Vasily,Larkin,vlarkinjv@jiathis.com,Male
717,Fred,Armatys,farmatysjw@people.com.cn,Female
718,Shawn,Buckell,sbuckelljx@joomla.org,Genderfluid
719,George,Rush,grushjy@wunderground.com,Female
720,Mommy,Willshear,mwillshearjz@umich.edu,Female
721,Crin,Sholem,csholemk0@nymag.com,Female
722,Arri,Davidman,adavidmank1@webmd.com,Male
723,Elana,Runchman,erunchmank2@si.edu,Female
724,Florian,Ferrieri,fferrierik3@simplemachines.org,Male
725,Shane,Kick,skickk4@google.pl,Male
726,Hillery,Gellately,hgellatelyk5@nytimes.com,Male
727,Adlai,Tolomelli,atolomellik6@ftc.gov,Male
728,Marsiella,Christopherson,mchristophersonk7@un.org,Female
729,Wes,Sydney,wsydneyk8@weibo.com,Male
730,Quincey,Dod,qdodk9@acquirethisname.com,Male
731,Brandy,Bernardotte,bbernardotteka@mozilla.com,Male
732,Evey,Roggeman,eroggemankb@nydailynews.com,Female
733,Joshua,Veasey,jveaseykc@vimeo.com,Male
734,Sullivan,Abramovici,sabramovicikd@wiley.com,Male
735,Roy,Shailer,rshailerke@samsung.com,Male
736,Freemon,Lukasen,flukasenkf@boston.com,Male
737,Ally,Jentin,ajentinkg@soundcloud.com,Female
738,Tova,Bebbell,tbebbellkh@cnet.com,Female
739,Sonja,Traice,straiceki@fda.gov,Female
740,Fanny,Swayton,fswaytonkj@cloudflare.com,Female
741,Hamil,Ghelarducci,hghelarduccikk@dell.com,Male
742,Val,Klimpt,vklimptkl@samsung.com,Male
743,Bearnard,Sherrett,bsherrettkm@barnesandnoble.com,Male
744,Elsey,Fasey,efaseykn@i2i.jp,Female
745,Nance,Fyndon,nfyndonko@hp.com,Female
746,Mab,Nellis,mnelliskp@mac.com,Female
747,Cecilla,Hunnawill,chunnawillkq@army.mil,Female
748,Jeremiah,McCague,jmccaguekr@blogger.com,Male
749,Tully,Rontree,trontreeks@ocn.ne.jp,Male
750,Aurelia,Blare,ablarekt@homestead.com,Female
751,Teriann,Lippatt,tlippattku@netscape.com,Female
752,Cass,Annetts,cannettskv@trellian.com,Female
753,Port,Pischel,ppischelkw@salon.com,Male
754,Ranice,Oaker,roakerkx@vimeo.com,Female
755,Desiri,Darch,ddarchky@github.com,Female
756,Giulio,Topping,gtoppingkz@hexun.com,Male
757,Florella,Loffel,floffell0@oaic.gov.au,Female
758,Renaud,Renzo,rrenzol1@wp.com,Male
759,Robinett,Piesold,rpiesoldl2@yellowbook.com,Female
760,Pearline,Korneluk,pkornelukl3@statcounter.com,Female
761,Juliana,Nuccii,jnucciil4@marketwatch.com,Female
762,Arleta,Biggen,abiggenl5@rakuten.co.jp,Female
763,Conrade,Sandilands,csandilandsl6@xing.com,Male
764,Germain,Eastman,geastmanl7@rakuten.co.jp,Female
765,Cacilie,Everwin,ceverwinl8@tmall.com,Female
766,Merrili,Lathbury,mlathburyl9@shinystat.com,Female
767,Brew,Glaum,bglaumla@comsenz.com,Male
768,Nixie,Tortoishell,ntortoishelllb@arizona.edu,Bigender
769,Ginevra,Borgnol,gborgnollc@youtube.com,Genderfluid
770,Hamlen,Farrington,hfarringtonld@who.int,Male
771,Alfreda,Basnett,abasnettle@sohu.com,Female
772,Marylin,Gutridge,mgutridgelf@posterous.com,Female
773,Wilden,O'Scully,woscullylg@stumbleupon.com,Male
774,Felice,MacAlester,fmacalesterlh@buzzfeed.com,Female
775,Perrine,Bayles,pbaylesli@psu.edu,Female
776,Lucille,Cardenoza,lcardenozalj@netvibes.com,Polygender
777,Dani,Rasell,draselllk@smh.com.au,Female
778,Dorothy,Skelding,dskeldingll@techcrunch.com,Bigender
779,Ophelia,Doddrell,ododdrelllm@free.fr,Female
780,Carling,Maffin,cmaffinln@biblegateway.com,Male
781,Peadar,Gregoratti,pgregorattilo@nih.gov,Male
782,Michal,Philbrick,mphilbricklp@wikipedia.org,Female
783,Concordia,Waterdrinker,cwaterdrinkerlq@ebay.co.uk,Female
784,Darcey,Ogg,dogglr@github.io,Female
785,Rois,Camilletti,rcamillettils@bloglines.com,Female
786,Wylie,Fenelow,wfenelowlt@odnoklassniki.ru,Male
787,Paco,Melbourn,pmelbournlu@economist.com,Male
788,Hermon,Thurgood,hthurgoodlv@merriam-webster.com,Male
789,Fred,Rangeley,frangeleylw@nbcnews.com,Female
790,Sashenka,Garfitt,sgarfittlx@hubpages.com,Female
791,Carin,Wykes,cwykesly@illinois.edu,Female
792,Tabbie,Exell,texelllz@deviantart.com,Female
793,Rodina,Alesi,ralesim0@lulu.com,Female
794,Hashim,Domek,hdomekm1@columbia.edu,Male
795,Stephine,Halbord,shalbordm2@over-blog.com,Female
796,Buckie,Fessier,bfessierm3@indiatimes.com,Male
797,Dill,Devenport,ddevenportm4@ameblo.jp,Male
798,Bar,Antley,bantleym5@fotki.com,Bigender
799,Norman,Blessed,nblessedm6@jalbum.net,Male
800,Flory,Kilgannon,fkilgannonm7@google.es,Male
801,Tabina,Tampling,ttamplingm8@state.tx.us,Female
802,Hilde,Kolak,hkolakm9@gravatar.com,Female
803,Oren,Lammie,olammiema@youtu.be,Male
804,Craggie,Weare,cwearemb@amazon.de,Male
805,Katinka,Mulvaney,kmulvaneymc@photobucket.com,Female
806,Helenelizabeth,Duggan,hdugganmd@istockphoto.com,Genderqueer
807,Alonso,Wythill,awythillme@yahoo.co.jp,Male
808,Katrina,Corden,kcordenmf@hud.gov,Non-binary
809,Ruby,Saurin,rsaurinmg@dedecms.com,Male
810,Mellicent,Tomasutti,mtomasuttimh@free.fr,Female
811,Fanny,Britzius,fbritziusmi@homestead.com,Genderqueer
812,Sherri,Qualtro,squaltromj@google.com.au,Female
813,Mozes,Grinham,mgrinhammk@usatoday.com,Male
814,Angie,Dowzell,adowzellml@irs.gov,Female
815,Herculie,Mephan,hmephanmm@ow.ly,Male
816,Elisa,Tyce,etycemn@ftc.gov,Polygender
817,Perri,Brymham,pbrymhammo@dmoz.org,Female
818,Templeton,Barr,tbarrmp@com.com,Male
819,Brennan,McMains,bmcmainsmq@163.com,Male
820,Eirena,Stidson,estidsonmr@yellowpages.com,Female
821,Sari,Ecles,seclesms@mail.ru,Female
822,Leona,Andreacci,landreaccimt@yolasite.com,Female
823,Coleman,Somerton,csomertonmu@example.com,Male
824,Gavra,Colbourn,gcolbournmv@dell.com,Female
825,Deck,Stockbridge,dstockbridgemw@icq.com,Male
826,Justin,Steeden,jsteedenmx@cornell.edu,Male
827,Corella,Paterno,cpaternomy@simplemachines.org,Female
828,Harriet,Filochov,hfilochovmz@umich.edu,Female
829,Phyllys,Brookz,pbrookzn0@abc.net.au,Female
830,Rodrick,Willoughby,rwilloughbyn1@msn.com,Male
831,Britt,Clunan,bclunann2@google.com.au,Female
832,Vivien,Cotterel,vcottereln3@bandcamp.com,Female
833,Dalton,Frise,dfrisen4@vkontakte.ru,Male
834,Melisse,Collumbine,mcollumbinen5@loc.gov,Female
835,Anestassia,Raigatt,araigattn6@stumbleupon.com,Female
836,Paten,Yearn,pyearnn7@indiegogo.com,Male
837,Kit,Abramson,kabramsonn8@sciencedaily.com,Male
838,Ado,Kevlin,akevlinn9@pinterest.com,Male
839,Shina,Ogg,soggna@bloomberg.com,Female
840,Noach,Bargh,nbarghnb@google.nl,Male
841,Marcelo,Janway,mjanwaync@usgs.gov,Male
842,Amos,Binnion,abinnionnd@freewebs.com,Non-binary
843,Mela,Hanby,mhanbyne@go.com,Female
844,Tomasine,Nand,tnandnf@deliciousdays.com,Female
845,Melinda,Hammel,mhammelng@cnet.com,Female
846,Fanechka,Gravenall,fgravenallnh@godaddy.com,Female
847,Enrichetta,Lackinton,elackintonni@miibeian.gov.cn,Bigender
848,Freddie,Mesant,fmesantnj@mediafire.com,Female
849,Ricki,Bamber,rbambernk@nih.gov,Female
850,Wynne,Darwen,wdarwennl@paypal.com,Female
851,Sally,Clemenceau,sclemenceaunm@parallels.com,Female
852,Ancell,Swate,aswatenn@about.com,Male
853,Alta,Waugh,awaughno@apple.com,Female
854,Cariotta,Cornish,ccornishnp@webs.com,Female
855,Merci,Henric,mhenricnq@google.com.br,Female
856,Tedda,Thripp,tthrippnr@liveinternet.ru,Female
857,Casie,Pruckner,cprucknerns@si.edu,Female
858,Adam,Malbon,amalbonnt@zimbio.com,Male
859,Douglas,Storton,dstortonnu@tumblr.com,Male
860,Gran,Deme,gdemenv@state.gov,Male
861,Riobard,Lansdown,rlansdownnw@mac.com,Male
862,Berny,Petera,bpeteranx@state.gov,Male
863,Artie,Macvain,amacvainny@hibu.com,Male
864,Aguie,Runcie,aruncienz@arstechnica.com,Male
865,Harold,Tran,htrano0@economist.com,Male
866,Natale,Feeney,nfeeneyo1@businessinsider.com,Male
867,Ofelia,Spellsworth,ospellswortho2@hp.com,Female
868,Kip,Stollberger,kstollbergero3@netlog.com,Female
869,Dyan,Fyldes,dfyldeso4@intel.com,Polygender
870,Doreen,Twell,dtwello5@elegantthemes.com,Female
871,Correy,Gatheral,cgatheralo6@google.de,Genderfluid
872,Dex,Sans,dsanso7@omniture.com,Male
873,Daisy,Leathe,dleatheo8@newyorker.com,Female
874,Roch,Downer,rdownero9@shareasale.com,Female
875,Coleman,Marwick,cmarwickoa@issuu.com,Male
876,Leonore,Twine,ltwineob@youku.com,Female
877,Zulema,Hackworthy,zhackworthyoc@utexas.edu,Female
878,Shannan,Gurnee,sgurneeod@marketwatch.com,Male
879,Lowell,Bricklebank,lbricklebankoe@networksolutions.com,Male
880,Odessa,Olander,oolanderof@miibeian.gov.cn,Female
881,Marlin,Mapstone,mmapstoneog@wisc.edu,Male
882,Arlin,Lorenc,alorencoh@artisteer.com,Male
883,Henrie,Grandisson,hgrandissonoi@miitbeian.gov.cn,Female
884,Cicily,Lauchlan,clauchlanoj@cisco.com,Female
885,Julienne,Lyokhin,jlyokhinok@nymag.com,Female
886,Geri,Dowdeswell,gdowdeswellol@deliciousdays.com,Female
887,Margie,Battelle,mbattelleom@hugedomains.com,Female
888,Bastian,Francklyn,bfrancklynon@storify.com,Male
889,Oralie,Fosken,ofoskenoo@pcworld.com,Non-binary
890,Blondelle,Abyss,babyssop@microsoft.com,Female
891,Ursa,Count,ucountoq@jigsy.com,Female
892,Burch,Fernihough,bfernihoughor@unicef.org,Male
893,Marin,Barehead,mbareheados@addthis.com,Female
894,Freemon,McCosker,fmccoskerot@pbs.org,Male
895,Brnaby,Goff,bgoffou@bizjournals.com,Male
896,Desmund,Verne,dverneov@etsy.com,Male
897,Byrann,Baskwell,bbaskwellow@huffingtonpost.com,Male
898,Geoffrey,Corradengo,gcorradengoox@cpanel.net,Male
899,Amalia,Goodliffe,agoodliffeoy@cbslocal.com,Female
900,Arlena,McIan,amcianoz@hhs.gov,Agender
901,Irv,Haddington,ihaddingtonp0@mac.com,Male
902,Brandais,Skewis,bskewisp1@java.com,Female
903,Gray,Fuzzard,gfuzzardp2@scribd.com,Agender
904,Bartlet,Dow,bdowp3@feedburner.com,Male
905,Emyle,Wigmore,ewigmorep4@hubpages.com,Female
906,Fanchon,Saleway,fsalewayp5@rakuten.co.jp,Bigender
907,Marcile,Stockill,mstockillp6@gizmodo.com,Female
908,Zelda,Barrabeale,zbarrabealep7@netlog.com,Female
909,Andriette,Thatcham,athatchamp8@princeton.edu,Female
910,Sandie,Norvel,snorvelp9@hud.gov,Female
911,Harlan,Barlow,hbarlowpa@studiopress.com,Male
912,Gordan,Southerns,gsouthernspb@foxnews.com,Male
913,Nickola,Baynam,nbaynampc@springer.com,Male
914,Sibyl,Newbold,snewboldpd@webnode.com,Polygender
915,Deborah,Yabsley,dyabsleype@telegraph.co.uk,Female
916,Hinze,Pierrepont,hpierrepontpf@thetimes.co.uk,Male
917,Saidee,Vauls,svaulspg@etsy.com,Female
918,Kass,Thake,kthakeph@amazon.de,Genderfluid
919,Nicky,MacGauhy,nmacgauhypi@bandcamp.com,Female
920,Itch,Aylmer,iaylmerpj@msn.com,Male
921,Julee,Wickendon,jwickendonpk@wired.com,Female
922,Shawn,Sussams,ssussamspl@shareasale.com,Female
923,Starr,Hendron,shendronpm@bing.com,Female
924,Kalinda,Oakenford,koakenfordpn@discuz.net,Female
925,Alie,Jancik,ajancikpo@spotify.com,Female
926,Pru,Feltoe,pfeltoepp@oaic.gov.au,Female
927,Vikky,Gofforth,vgofforthpq@taobao.com,Female
928,Noellyn,Tollmache,ntollmachepr@state.gov,Female
929,Garreth,Piaggia,gpiaggiaps@dot.gov,Male
930,Shaughn,Korda,skordapt@indiegogo.com,Male
931,Kara-lynn,Stive,kstivepu@google.fr,Female
932,Ferguson,Postin,fpostinpv@sciencedirect.com,Male
933,Sylas,Casine,scasinepw@angelfire.com,Male
934,Daryl,Damato,ddamatopx@bloglovin.com,Male
935,Maitilde,Briskey,mbriskeypy@yelp.com,Female
936,Fay,Beddis,fbeddispz@bloglines.com,Female
937,Brander,Fosdike,bfosdikeq0@toplist.cz,Male
938,Dosi,Tovey,dtoveyq1@oracle.com,Female
939,Kariotta,Barling,kbarlingq2@about.com,Female
940,Rafferty,Stear,rstearq3@sogou.com,Male
941,Melly,McCloch,mmcclochq4@sogou.com,Female
942,Lynnet,Jiggens,ljiggensq5@studiopress.com,Female
943,Karla,Theyer,ktheyerq6@infoseek.co.jp,Female
944,Alfie,Cradey,acradeyq7@vk.com,Male
945,Jesse,Layzell,jlayzellq8@t-online.de,Male
946,Layton,Olenchenko,lolenchenkoq9@wsj.com,Male
947,Darlene,Challender,dchallenderqa@reference.com,Female
948,Roze,Mowday,rmowdayqb@homestead.com,Female
949,Gayle,Papworth,gpapworthqc@webeden.co.uk,Female
950,Grove,Cator,gcatorqd@epa.gov,Male
951,Onfre,Shackleton,oshackletonqe@stanford.edu,Male
952,Grady,Spurway,gspurwayqf@bandcamp.com,Male
953,Cherie,Sayton,csaytonqg@technorati.com,Female
954,Alys,Beddis,abeddisqh@bbb.org,Female
955,Edgardo,Jellybrand,ejellybrandqi@ustream.tv,Male
956,Alanson,Gibby,agibbyqj@virginia.edu,Male
957,Anna-maria,Clewer,aclewerqk@apple.com,Female
958,Tam,Burry,tburryql@nydailynews.com,Male
959,Nance,Stute,nstuteqm@about.com,Female
960,Davis,Domb,ddombqn@umn.edu,Male
961,Lind,Dinzey,ldinzeyqo@ox.ac.uk,Female
962,Eba,Predohl,epredohlqp@nationalgeographic.com,Female
963,Willy,Kiggel,wkiggelqq@intel.com,Male
964,Crawford,Risley,crisleyqr@cbsnews.com,Male
965,Hastings,Drivers,hdriversqs@yale.edu,Male
966,Desiri,Ruane,druaneqt@nba.com,Genderqueer
967,Harold,Domleo,hdomleoqu@theatlantic.com,Male
968,Ken,Featherbie,kfeatherbieqv@google.ru,Male
969,Therese,Jukes,tjukesqw@dell.com,Female
970,Hube,O'Keefe,hokeefeqx@4shared.com,Male
971,Horacio,McArthur,hmcarthurqy@who.int,Male
972,Giffer,MacGiolla Pheadair,gmacgiollapheadairqz@blogtalkradio.com,Male
973,Issi,Lifton,iliftonr0@merriam-webster.com,Female
974,Dilly,Barnewell,dbarnewellr1@163.com,Male
975,Eugen,Kean,ekeanr2@noaa.gov,Male
976,Broddy,De Maria,bdemariar3@drupal.org,Male
977,Flory,Fabler,ffablerr4@msn.com,Male
978,Dav,Jesson,djessonr5@1688.com,Genderfluid
979,Isis,Allcroft,iallcroftr6@webnode.com,Female
980,Dame,Meates,dmeatesr7@google.pl,Male
981,Selig,Coulthart,scoulthartr8@unc.edu,Male
982,Neddy,Kleinlerer,nkleinlererr9@globo.com,Male
983,Xena,Schultz,xschultzra@t.co,Female
984,Lyda,Soule,lsoulerb@smugmug.com,Female
985,Kendal,Stanyforth,kstanyforthrc@desdev.cn,Male
986,Horst,Danbury,hdanburyrd@wired.com,Male
987,Erinn,Pentercost,epentercostre@multiply.com,Female
988,Hedvig,Atton,hattonrf@msu.edu,Bigender
989,Patricia,Willatts,pwillattsrg@shop-pro.jp,Female
990,Stoddard,Attwell,sattwellrh@businesswire.com,Female
991,Margaux,Chippindale,mchippindaleri@blogspot.com,Female
992,Angele,Briamo,abriamorj@hostgator.com,Female
993,Blinny,Standering,bstanderingrk@cbslocal.com,Female
994,Herman,Latour,hlatourrl@un.org,Male
995,Sibyl,Gruszecki,sgruszeckirm@noaa.gov,Genderfluid
996,Ardeen,Cherry,acherryrn@goo.gl,Female
997,Ruthie,Antonognoli,rantonognoliro@earthlink.net,Female
998,Donna,Grelka,dgrelkarp@theatlantic.com,Female
999,Helyn,Vasenkov,hvasenkovrq@chronoengine.com,Female
1000,Codi,Petworth,cpetworthrr@twitpic.com,Female
